<?xml version="1.0" encoding="UTF-8"?>
<project-private xmlns="http://www.netbeans.org/ns/project-private/1">
    <editor-bookmarks xmlns="http://www.netbeans.org/ns/editor-bookmarks/2" lastBookmarkId="0"/>
    <open-files xmlns="http://www.netbeans.org/ns/projectui-open-files/2">
        <group>
            <file>file:/C:/xampp/htdocs/DataRequest/controllers/ProjectController.php</file>
            <file>file:/C:/xampp/htdocs/DataRequest/views/data-request/_form.php</file>
            <file>file:/C:/xampp/htdocs/DataRequest/controllers/DataRequestController.php</file>
            <file>file:/C:/xampp/htdocs/DataRequest/views/project-user/index.php</file>
            <file>file:/C:/xampp/htdocs/DataRequest/runtime/logs/app.log</file>
            <file>file:/C:/xampp/htdocs/DataRequest/views/data-request/index.php</file>
        </group>
    </open-files>
</project-private>
